{
    "rmse": 0.6914931796358749,
    "mae": 0.5421738808393242,
    "r2": 0.27927150194280626
}